,Estimated_Sales
6224,0.34
16210,0.04
16634,0.03
9893,0.16
16552,0.03
18618,0.01
7191,0.27
6385,0.32
17877,0.02
7861,0.24
19289,0.01
17012,0.03
14311,0.06
12514,0.1
11244,0.13
5453,0.4
20496,0.0
11986,0.11
2003,1.17
5687,0.38
16381,0.03
7852,0.24
14708,0.06
4877,0.46
2864,0.84
16254,0.04
12285,0.1
4639,0.49
606,2.87
14368,0.06
7882,0.24
3707,0.63
2527,0.96
7676,0.25
44,14.17
17656,0.02
5226,0.43
1981,1.18
17448,0.02
18803,0.01
9626,0.17
7885,0.24
6490,0.32
2308,1.04
3268,0.72
18583,0.01
18318,0.02
10376,0.15
19440,0.01
3169,0.75
16270,0.04
3023,0.79
6307,0.33
14729,0.06
2053,1.14
4519,0.51
4691,0.48
6243,0.33
17144,0.03
13461,0.08
13804,0.07
9960,0.16
20239,0.0
16740,0.03
17482,0.02
5388,0.41
3931,0.59
10525,0.14
20201,0.0
2450,0.99
5888,0.37
8610,0.21
12750,0.09
19779,0.01
15334,0.05
12694,0.09
15767,0.04
2265,1.06
5570,0.39
18262,0.02
11579,0.12
3434,0.68
17777,0.02
11744,0.11
9985,0.16
14402,0.06
1911,1.21
14550,0.06
744,2.48
7300,0.27
1077,1.9
20964,0.0
9989,0.16
503,3.27
12076,0.11
19909,0.0
11983,0.11
14016,0.07
1371,1.59
20701,0.0
4197,0.55
19288,0.01
6003,0.36
8262,0.22
18762,0.01
19991,0.0
1815,1.27
19006,0.01
13024,0.09
10734,0.14
16685,0.03
19000,0.01
19534,0.01
3721,0.62
14866,0.05
3386,0.7
8542,0.21
4159,0.56
6039,0.35
4844,0.47
5502,0.4
20555,0.0
9872,0.16
14094,0.07
19108,0.01
4186,0.55
6934,0.29
13298,0.08
9325,0.18
15536,0.04
15338,0.05
18497,0.01
563,3.0
2152,1.1
5916,0.36
5927,0.36
17271,0.02
3689,0.63
19630,0.01
17947,0.02
4072,0.57
11299,0.12
3836,0.6
10059,0.16
8126,0.23
13302,0.08
21116,0.0
11266,0.12
17670,0.02
19004,0.01
3886,0.59
13776,0.07
6045,0.35
11201,0.13
8139,0.23
12319,0.1
4852,0.46
6831,0.29
8986,0.19
2714,0.89
19660,0.01
11146,0.13
5809,0.37
6332,0.33
718,2.54
2608,0.93
19884,0.0
19631,0.01
2501,0.97
1097,1.88
11643,0.12
19075,0.01
8509,0.21
11253,0.13
2647,0.91
3045,0.78
1272,1.68
9606,0.17
3323,0.71
10613,0.14
843,2.28
7794,0.24
9701,0.17
12281,0.1
344,4.17
12398,0.1
8833,0.2
6068,0.35
2915,0.82
11863,0.11
8366,0.22
9240,0.18
16101,0.04
6946,0.29
14370,0.06
18107,0.02
2579,0.94
10262,0.15
10031,0.16
13901,0.07
5743,0.38
14340,0.06
17490,0.02
15809,0.04
14515,0.06
9790,0.17
4410,0.52
17982,0.02
15056,0.05
5293,0.42
447,3.52
11388,0.12
6440,0.32
7870,0.24
14105,0.07
408,3.71
18509,0.01
5928,0.36
12114,0.11
8292,0.22
1427,1.53
16621,0.03
9987,0.16
6682,0.3
6417,0.32
19008,0.01
20305,0.0
208,5.5
18731,0.01
5477,0.4
3376,0.7
6603,0.31
856,2.25
15608,0.04
20426,0.0
17424,0.02
13809,0.07
10448,0.15
13769,0.07
6624,0.31
20652,0.0
20170,0.0
12566,0.1
8109,0.23
13101,0.08
19365,0.01
19382,0.01
5394,0.41
10072,0.16
6098,0.35
1311,1.65
5421,0.41
19388,0.01
2090,1.13
13483,0.08
7542,0.26
12649,0.09
9068,0.19
6315,0.33
11993,0.11
20449,0.0
5306,0.42
20883,0.0
2386,1.0
4504,0.51
14991,0.05
2710,0.89
13220,0.08
8673,0.2
18046,0.02
19994,0.0
9745,0.17
20578,0.0
9000,0.19
1328,1.63
10422,0.15
2238,1.07
7700,0.25
16748,0.03
10598,0.14
16202,0.04
19181,0.01
4980,0.45
9534,0.17
1962,1.19
9138,0.19
7998,0.24
10914,0.13
19314,0.01
16471,0.03
6714,0.3
7486,0.26
3472,0.67
14066,0.07
10865,0.13
2930,0.81
3171,0.75
5802,0.37
9052,0.19
2457,0.99
16679,0.03
14544,0.06
1765,1.3
15197,0.05
7625,0.25
3316,0.71
1827,1.27
17707,0.02
13924,0.07
21179,0.0
2781,0.87
1522,1.48
14030,0.07
15237,0.05
16684,0.03
12791,0.09
20932,0.0
17401,0.02
6187,0.34
4847,0.47
474,3.4
12054,0.11
12900,0.09
5483,0.4
10034,0.16
18424,0.02
8797,0.2
6892,0.29
14625,0.06
12947,0.09
3470,0.67
13728,0.07
18532,0.01
5505,0.4
1489,1.5
15711,0.04
12032,0.11
13531,0.08
16570,0.03
4564,0.5
5716,0.38
4547,0.5
18481,0.02
12381,0.1
11647,0.12
640,2.79
8492,0.21
17710,0.02
7920,0.24
4744,0.48
18985,0.01
8187,0.23
15382,0.05
3482,0.67
12134,0.11
10823,0.14
17004,0.03
6778,0.3
14772,0.06
10156,0.15
17696,0.02
14462,0.06
13019,0.09
15235,0.05
3572,0.65
20488,0.0
6541,0.31
13620,0.07
14293,0.06
133,7.41
17481,0.02
19062,0.01
210,5.46
9924,0.16
18726,0.01
2405,1.0
2214,1.08
15843,0.04
10868,0.13
4484,0.51
9427,0.18
8785,0.2
8826,0.2
10522,0.14
20658,0.0
16630,0.03
19792,0.01
19422,0.01
4580,0.5
14338,0.06
3752,0.62
20780,0.0
8527,0.21
6369,0.32
11941,0.11
18304,0.02
385,3.93
13018,0.09
20124,0.0
9542,0.17
20067,0.0
11506,0.12
8377,0.22
9946,0.16
4400,0.52
20504,0.0
14331,0.06
15559,0.04
14503,0.06
8242,0.22
9047,0.19
20939,0.0
16944,0.03
7884,0.24
15291,0.05
9163,0.19
20473,0.0
13492,0.08
13960,0.07
3509,0.66
18285,0.02
3528,0.66
7046,0.28
15935,0.04
17489,0.02
12179,0.1
7431,0.26
11904,0.11
9835,0.16
9426,0.18
3588,0.65
11259,0.12
12796,0.09
19170,0.01
2199,1.09
15605,0.04
8815,0.2
19157,0.01
3776,0.61
9233,0.19
17590,0.02
11640,0.12
7149,0.28
16341,0.03
11615,0.12
10360,0.15
12480,0.1
15531,0.04
3798,0.61
1215,1.73
15800,0.04
16082,0.04
11848,0.11
7558,0.26
12194,0.1
2043,1.15
4510,0.51
6095,0.35
11400,0.12
6162,0.34
14681,0.06
5736,0.38
17483,0.02
18978,0.01
6874,0.29
6138,0.34
12894,0.09
4057,0.57
7527,0.26
20707,0.0
21099,0.0
6178,0.34
4936,0.45
16730,0.03
17805,0.02
14317,0.06
20373,0.0
5076,0.44
2796,0.86
803,2.37
15786,0.04
5005,0.45
4702,0.48
16935,0.03
4074,0.57
1535,1.46
11282,0.12
10772,0.14
18475,0.02
7888,0.24
9352,0.18
8336,0.22
13037,0.09
16787,0.03
15076,0.05
1662,1.37
10631,0.14
911,2.15
17149,0.03
4226,0.55
8413,0.22
17167,0.03
12406,0.1
14459,0.06
15635,0.04
12301,0.1
8496,0.21
12631,0.1
20332,0.0
14704,0.06
8331,0.22
4328,0.53
10125,0.16
16455,0.03
16321,0.03
16744,0.03
14872,0.05
15774,0.04
482,3.36
4034,0.57
971,2.06
10202,0.15
9252,0.18
11519,0.12
11000,0.13
18225,0.02
4192,0.55
2202,1.08
15257,0.05
16705,0.03
21156,0.0
2020,1.16
9690,0.17
10446,0.15
10144,0.15
4819,0.47
17992,0.02
8284,0.22
2617,0.92
13955,0.07
10902,0.13
14611,0.06
14165,0.07
1978,1.18
1087,1.89
9592,0.17
17276,0.02
6517,0.32
3354,0.7
15502,0.05
20340,0.0
10696,0.14
9084,0.19
21133,0.0
7159,0.28
19582,0.01
5900,0.36
12004,0.11
18867,0.01
19478,0.01
13134,0.08
11770,0.11
17079,0.03
16342,0.03
14854,0.05
20311,0.0
15105,0.05
14112,0.07
2878,0.83
6534,0.31
20921,0.0
12870,0.09
6473,0.32
19888,0.0
13312,0.08
1114,1.86
9070,0.19
9889,0.16
5414,0.41
10407,0.15
2583,0.94
5129,0.44
11212,0.13
20761,0.0
2950,0.81
12712,0.09
15842,0.04
1527,1.47
16600,0.03
323,4.32
11583,0.12
5567,0.39
16683,0.03
16474,0.03
18465,0.02
12591,0.1
17153,0.03
13838,0.07
16955,0.03
17790,0.02
1052,1.94
5584,0.39
12523,0.1
14640,0.06
13874,0.07
13857,0.07
18360,0.02
9977,0.16
20016,0.0
17787,0.02
7473,0.26
5862,0.37
14235,0.06
10186,0.15
3474,0.67
19667,0.01
21040,0.0
12753,0.09
20415,0.0
17110,0.03
15446,0.05
12268,0.1
8725,0.2
19922,0.0
12635,0.1
13248,0.08
1503,1.48
17894,0.02
4189,0.55
5593,0.39
13214,0.08
15416,0.05
15815,0.04
14361,0.06
2171,1.1
10423,0.15
18658,0.01
10484,0.15
14710,0.06
7738,0.25
1393,1.56
19463,0.01
6504,0.32
3485,0.67
14962,0.05
8351,0.22
12492,0.1
19869,0.0
10008,0.16
20990,0.0
7120,0.28
8203,0.23
15415,0.05
7068,0.28
4590,0.5
5528,0.4
14779,0.06
16974,0.03
5662,0.39
4671,0.49
3633,0.64
8241,0.22
19250,0.01
7873,0.24
20768,0.0
8799,0.2
4941,0.45
11082,0.13
10951,0.13
16432,0.03
3015,0.79
9938,0.16
2641,0.91
14912,0.05
3207,0.74
10297,0.15
13720,0.07
12077,0.11
11124,0.13
17667,0.02
341,4.18
4904,0.46
735,2.5
7402,0.26
4653,0.49
17371,0.02
346,4.16
1453,1.51
2559,0.94
12064,0.11
34,15.09
4914,0.46
8246,0.22
16385,0.03
4337,0.53
16879,0.03
6847,0.29
13104,0.08
12610,0.1
7656,0.25
11453,0.12
21070,0.0
11129,0.13
19612,0.01
7093,0.28
1056,1.94
8892,0.2
1719,1.33
2859,0.84
1901,1.22
649,2.76
438,3.54
5199,0.43
12922,0.09
7840,0.24
1635,1.39
2277,1.05
5128,0.44
16517,0.03
11815,0.11
20740,0.0
12079,0.11
12758,0.09
2992,0.8
14465,0.06
16362,0.03
20518,0.0
8008,0.23
6628,0.31
12030,0.11
14660,0.06
4128,0.56
6650,0.31
4894,0.46
17150,0.03
2467,0.98
11466,0.12
17191,0.03
7484,0.26
5702,0.38
12843,0.09
20043,0.0
15212,0.05
19342,0.01
16356,0.03
8383,0.22
12780,0.09
20327,0.0
14452,0.06
8639,0.21
2026,1.16
17638,0.02
1182,1.76
8887,0.2
17420,0.02
7150,0.28
11551,0.12
3463,0.68
15645,0.04
19104,0.01
4779,0.47
20412,0.0
16919,0.03
17469,0.02
13484,0.08
14195,0.06
12244,0.1
15054,0.05
13723,0.07
9725,0.17
16260,0.04
10981,0.13
20670,0.0
12063,0.11
1968,1.19
19758,0.01
12438,0.1
14400,0.06
15412,0.05
21181,0.0
15245,0.05
10191,0.15
11872,0.11
17601,0.02
12785,0.09
7784,0.25
4193,0.55
6956,0.29
812,2.35
8936,0.19
10644,0.14
3421,0.69
5915,0.36
14832,0.05
4525,0.5
14085,0.07
1611,1.4
3415,0.69
6285,0.33
538,3.08
18781,0.01
1710,1.34
14737,0.06
1092,1.88
19588,0.01
9480,0.18
1713,1.34
14353,0.06
4031,0.57
9575,0.17
3739,0.62
10806,0.14
1288,1.67
7293,0.27
5671,0.38
6803,0.3
10092,0.16
2480,0.98
18560,0.01
19798,0.01
15400,0.05
19555,0.01
3489,0.67
13552,0.08
5642,0.39
16813,0.03
12029,0.11
15503,0.05
14305,0.06
3295,0.72
6815,0.29
290,4.6
2842,0.84
14780,0.06
2388,1.0
8626,0.21
16682,0.03
14876,0.05
12495,0.1
12637,0.1
2346,1.02
4930,0.45
20864,0.0
5350,0.41
6887,0.29
7348,0.27
4073,0.57
11616,0.12
20397,0.0
4307,0.54
18253,0.02
13702,0.07
2267,1.05
9048,0.19
11086,0.13
1297,1.66
7563,0.26
4333,0.53
17009,0.03
13613,0.07
1338,1.61
5748,0.38
17617,0.02
6298,0.33
484,3.34
18127,0.02
18872,0.01
11327,0.12
3894,0.59
15982,0.04
19455,0.01
9345,0.18
15869,0.04
19118,0.01
4448,0.52
18376,0.02
5048,0.44
15575,0.04
18869,0.01
4696,0.48
4393,0.52
11313,0.12
1640,1.39
13847,0.07
9684,0.17
1512,1.48
4563,0.5
5685,0.38
423,3.62
4106,0.56
3473,0.67
16785,0.03
15489,0.05
8504,0.21
18686,0.01
2683,0.9
20285,0.0
13580,0.08
9003,0.19
936,2.1
7100,0.28
4828,0.47
3503,0.67
2127,1.11
10709,0.14
8489,0.21
8764,0.2
11255,0.12
9194,0.19
20881,0.0
8739,0.2
4556,0.5
10354,0.15
13206,0.08
18942,0.01
10063,0.16
7112,0.28
10712,0.14
15671,0.04
6482,0.32
3248,0.73
9398,0.18
14627,0.06
4445,0.52
1474,1.5
8796,0.2
16686,0.03
18258,0.02
15249,0.05
20476,0.0
6002,0.36
6421,0.32
16255,0.04
6301,0.33
11223,0.13
16221,0.04
19532,0.01
1475,1.5
4003,0.58
8873,0.2
20075,0.0
10952,0.13
4688,0.48
8576,0.21
3571,0.65
14159,0.07
14285,0.06
3576,0.65
1493,1.49
14764,0.06
9734,0.17
18824,0.01
16459,0.03
15522,0.04
9394,0.18
10862,0.13
17536,0.02
6075,0.35
7908,0.24
6717,0.3
5244,0.42
16716,0.03
13504,0.08
11917,0.11
4194,0.55
20588,0.0
4101,0.56
16139,0.04
20021,0.0
5548,0.4
17281,0.02
3912,0.59
2315,1.04
3910,0.59
3570,0.65
18296,0.02
4347,0.53
10013,0.16
20746,0.0
7696,0.25
19914,0.0
18728,0.01
8406,0.22
19685,0.01
4411,0.52
6210,0.34
20251,0.0
19435,0.01
17123,0.03
4413,0.52
6052,0.35
16886,0.03
18730,0.01
14981,0.05
10428,0.15
9463,0.18
16997,0.03
3505,0.66
16869,0.03
7914,0.24
4269,0.54
7515,0.26
6916,0.29
8468,0.21
6091,0.35
14378,0.06
3519,0.66
19111,0.01
11148,0.13
5019,0.45
7724,0.25
7900,0.24
12786,0.09
4540,0.5
3282,0.72
16851,0.03
16328,0.03
16537,0.03
351,4.14
6797,0.3
16067,0.04
3125,0.76
7215,0.27
13905,0.07
8460,0.21
776,2.41
14993,0.05
19877,0.0
2305,1.04
19077,0.01
13626,0.07
6662,0.31
10206,0.15
3018,0.79
2189,1.09
119,8.09
1450,1.52
8665,0.21
3353,0.7
3817,0.61
4387,0.52
6824,0.29
10289,0.15
720,2.53
15967,0.04
18619,0.01
7717,0.25
6292,0.33
11733,0.11
16926,0.03
8387,0.22
12943,0.09
6164,0.34
5512,0.4
19741,0.01
3405,0.69
3901,0.59
17831,0.02
11491,0.12
7981,0.24
516,3.19
9509,0.17
11913,0.11
15122,0.05
17680,0.02
3230,0.73
9755,0.17
15684,0.04
14862,0.05
16880,0.03
9419,0.18
11103,0.13
1243,1.7
2879,0.83
11193,0.13
13375,0.08
3525,0.66
13195,0.08
13071,0.09
194,5.69
18986,0.01
2766,0.87
6864,0.29
4832,0.47
14814,0.06
7030,0.28
13082,0.09
14206,0.06
14777,0.06
6871,0.29
15332,0.05
7997,0.24
4518,0.51
2270,1.05
2140,1.1
5800,0.37
12074,0.11
11160,0.13
12809,0.09
7650,0.25
9571,0.17
2498,0.97
6835,0.29
12025,0.11
6405,0.32
5203,0.43
13189,0.08
18042,0.02
19306,0.01
13152,0.08
15459,0.05
10138,0.15
4015,0.58
20116,0.0
7725,0.25
6812,0.29
14979,0.05
15491,0.05
2724,0.89
5106,0.44
14796,0.06
19620,0.01
826,2.31
960,2.07
11396,0.12
10236,0.15
8756,0.2
8922,0.2
14956,0.05
19709,0.01
18623,0.01
6977,0.29
2595,0.93
7333,0.27
1870,1.24
20862,0.0
19022,0.01
16326,0.03
20858,0.0
9567,0.17
13579,0.08
5412,0.41
898,2.18
15949,0.04
1456,1.51
15781,0.04
10835,0.14
7152,0.28
1457,1.51
20709,0.0
7228,0.27
10074,0.16
1443,1.52
18425,0.02
16319,0.03
20841,0.0
7167,0.28
8886,0.2
19281,0.01
13637,0.07
16368,0.03
10705,0.14
19513,0.01
218,5.35
1788,1.29
12687,0.09
3035,0.78
16179,0.04
13873,0.07
16261,0.04
20574,0.0
828,2.31
8293,0.22
7517,0.26
14483,0.06
15312,0.05
11775,0.11
12350,0.1
4771,0.47
13084,0.09
8962,0.19
15811,0.04
14374,0.06
1201,1.74
5709,0.38
15714,0.04
13594,0.08
19618,0.01
18260,0.02
4461,0.51
6427,0.32
6925,0.29
18116,0.02
4265,0.54
2041,1.15
13542,0.08
10461,0.15
20113,0.0
696,2.6
520,3.17
19539,0.01
6267,0.33
9393,0.18
962,2.07
6974,0.29
10337,0.15
17114,0.03
6550,0.31
15891,0.04
13242,0.08
8251,0.22
327,4.3
20147,0.0
20966,0.0
8588,0.21
7026,0.28
1355,1.6
11325,0.12
18453,0.02
6279,0.33
9185,0.19
15268,0.05
14275,0.06
17472,0.02
6134,0.34
9358,0.18
2195,1.09
19658,0.01
1290,1.67
19372,0.01
18748,0.01
16426,0.03
17361,0.02
5183,0.43
7877,0.24
19927,0.0
12739,0.09
15269,0.05
6672,0.3
4449,0.52
16094,0.04
9839,0.16
19009,0.01
11893,0.11
9577,0.17
20416,0.0
8858,0.2
9178,0.19
1534,1.46
4442,0.52
17836,0.02
11436,0.12
2235,1.07
12505,0.1
3233,0.73
12375,0.1
10842,0.14
3585,0.65
9683,0.17
18831,0.01
13763,0.07
5385,0.41
10812,0.14
13700,0.07
20162,0.0
2458,0.99
18782,0.01
19584,0.01
4424,0.52
8999,0.19
9570,0.17
2361,1.01
313,4.43
15795,0.04
11306,0.12
8871,0.2
5601,0.39
7212,0.27
251,5.02
11343,0.12
6137,0.34
3965,0.58
11143,0.13
4546,0.5
18192,0.02
3208,0.74
15474,0.05
6259,0.33
13887,0.07
7802,0.24
7775,0.25
16364,0.03
738,2.49
5405,0.41
15457,0.05
4110,0.56
1862,1.25
14100,0.07
17171,0.03
2848,0.84
14439,0.06
3111,0.76
15058,0.05
12648,0.09
5841,0.37
16029,0.04
19751,0.01
1891,1.23
4596,0.5
6707,0.3
10925,0.13
17369,0.02
3507,0.66
13824,0.07
1504,1.48
7911,0.24
10045,0.16
2323,1.04
19746,0.01
7125,0.28
20039,0.0
18799,0.01
12810,0.09
18577,0.01
7020,0.28
17958,0.02
13670,0.07
20401,0.0
127,7.6
7408,0.26
3979,0.58
16576,0.03
19143,0.01
2084,1.13
15289,0.05
3820,0.6
7592,0.25
14669,0.06
21206,0.0
17925,0.02
13294,0.08
18115,0.02
19960,0.0
59,12.67
18028,0.02
12821,0.09
9687,0.17
13505,0.08
8868,0.2
15616,0.04
1006,2.0
13062,0.09
8270,0.22
18410,0.02
3310,0.71
8358,0.22
2554,0.95
14774,0.06
18572,0.01
5514,0.4
17620,0.02
16498,0.03
5151,0.44
7097,0.28
13528,0.08
5230,0.43
12585,0.1
3050,0.78
3142,0.76
20771,0.0
18901,0.01
5163,0.43
17533,0.02
4148,0.56
19191,0.01
16946,0.03
1580,1.43
21168,0.0
10684,0.14
13634,0.07
4742,0.48
2767,0.87
11838,0.11
16343,0.03
7417,0.26
15649,0.04
12888,0.09
12575,0.1
7913,0.24
15131,0.05
6241,0.33
3848,0.6
17829,0.02
20375,0.0
9504,0.17
10126,0.15
2300,1.04
15305,0.05
5943,0.36
11192,0.13
15465,0.05
16735,0.03
2290,1.05
2115,1.12
19886,0.0
16833,0.03
2351,1.02
451,3.5
6087,0.35
8694,0.2
11323,0.12
16816,0.03
8255,0.22
16189,0.04
16141,0.04
221,5.31
4949,0.45
5207,0.43
15565,0.04
11685,0.11
19551,0.01
20967,0.0
8746,0.2
12883,0.09
14264,0.06
10217,0.15
17996,0.02
3950,0.58
13406,0.08
9387,0.18
12552,0.1
21066,0.0
5537,0.4
459,3.48
15188,0.05
12932,0.09
21143,0.0
1027,1.98
9152,0.19
2698,0.89
12860,0.09
20863,0.0
19687,0.01
18670,0.01
4630,0.49
7685,0.25
2893,0.83
3533,0.66
8131,0.23
17396,0.02
21177,0.0
15542,0.04
7791,0.24
19376,0.01
9665,0.17
9128,0.19
3486,0.67
13424,0.08
12346,0.1
18112,0.02
3578,0.65
20349,0.0
7497,0.26
15031,0.05
1510,1.48
4836,0.47
10127,0.15
6271,0.33
11762,0.11
16593,0.03
10501,0.14
13533,0.08
16332,0.03
6987,0.28
9147,0.19
10513,0.14
180,6.0
19395,0.01
9822,0.16
8441,0.21
10098,0.16
4932,0.45
980,2.04
16588,0.03
1346,1.6
17595,0.02
17243,0.02
8403,0.22
14102,0.07
18109,0.02
19169,0.01
1034,1.97
688,2.63
13096,0.08
15568,0.04
8018,0.23
18661,0.01
11341,0.12
14161,0.07
5377,0.41
6119,0.34
15827,0.04
16908,0.03
19769,0.01
9453,0.18
16649,0.03
8132,0.23
13544,0.08
1747,1.32
19813,0.01
11628,0.12
20325,0.0
13744,0.07
409,3.71
21033,0.0
8825,0.2
19076,0.01
9978,0.16
13129,0.08
10259,0.15
18184,0.02
20009,0.0
2332,1.03
7175,0.28
18344,0.02
1698,1.35
11386,0.12
4770,0.47
11264,0.12
15813,0.04
18684,0.01
20917,0.0
866,2.23
14475,0.06
9444,0.18
13574,0.08
993,2.03
2702,0.89
6544,0.31
17842,0.02
1166,1.78
8344,0.22
2334,1.03
15299,0.05
19572,0.01
1642,1.38
14891,0.05
9737,0.17
18630,0.01
11058,0.13
17376,0.02
15720,0.04
4843,0.47
4084,0.57
9786,0.17
15529,0.04
8268,0.22
2885,0.83
15127,0.05
4290,0.54
1572,1.44
5464,0.4
6600,0.31
18347,0.02
326,4.31
16530,0.03
6649,0.31
9926,0.16
6814,0.29
2998,0.79
17530,0.02
18690,0.01
12548,0.1
16565,0.03
7015,0.28
7621,0.25
5023,0.45
8423,0.22
10305,0.15
5933,0.36
6543,0.31
5826,0.37
14498,0.06
9234,0.19
7438,0.26
9334,0.18
19824,0.01
19325,0.01
9536,0.17
322,4.34
18092,0.02
12597,0.1
17437,0.02
8310,0.22
16184,0.04
383,3.94
2266,1.05
10266,0.15
13709,0.07
5857,0.37
9751,0.17
7136,0.28
664,2.7
1729,1.33
9195,0.19
15558,0.04
4037,0.57
2145,1.1
20222,0.0
12539,0.1
18892,0.01
7793,0.24
7361,0.27
5635,0.39
3711,0.62
14442,0.06
10678,0.14
8541,0.21
16112,0.04
19068,0.01
9442,0.18
19804,0.01
11175,0.13
14850,0.05
2518,0.96
1084,1.9
13137,0.08
7898,0.24
20856,0.0
2350,1.02
8267,0.22
7516,0.26
19255,0.01
8573,0.21
8470,0.21
11825,0.11
12547,0.1
2247,1.06
14927,0.05
3315,0.71
17029,0.03
16704,0.03
19007,0.01
12931,0.09
20633,0.0
16853,0.03
5437,0.41
15768,0.04
13433,0.08
499,3.28
5351,0.41
2935,0.81
8599,0.21
3479,0.67
2119,1.11
16117,0.04
6237,0.33
13398,0.08
16623,0.03
13460,0.08
16667,0.03
14377,0.06
11265,0.12
12090,0.11
9539,0.17
8877,0.2
13754,0.07
8345,0.22
5576,0.39
9674,0.17
9098,0.19
4903,0.46
19988,0.0
13477,0.08
12217,0.1
11040,0.13
1624,1.4
20228,0.0
21036,0.0
18463,0.02
9468,0.18
18432,0.02
16783,0.03
17269,0.02
15839,0.04
7324,0.27
10119,0.16
17228,0.03
20650,0.0
9859,0.16
15819,0.04
7582,0.25
5545,0.4
2937,0.81
12490,0.1
17531,0.02
8763,0.2
200,5.57
16738,0.03
4258,0.54
20026,0.0
1805,1.28
1202,1.74
17701,0.02
3502,0.67
31,16.14
18980,0.01
10927,0.13
19106,0.01
5866,0.37
631,2.81
4282,0.54
9787,0.17
16795,0.03
11761,0.11
20247,0.0
3350,0.7
9165,0.19
10669,0.14
10369,0.15
15581,0.04
4325,0.53
9192,0.19
4821,0.47
16092,0.04
7113,0.28
2393,1.0
4720,0.48
20010,0.0
18373,0.02
5194,0.43
7278,0.27
4356,0.53
13085,0.09
3725,0.62
4156,0.56
4007,0.58
9870,0.16
9601,0.17
8909,0.2
247,5.08
4884,0.46
2255,1.06
21192,0.0
2420,1.0
12872,0.09
8602,0.21
655,2.73
5787,0.37
16060,0.04
5098,0.44
19072,0.01
18037,0.02
433,3.58
4874,0.46
19928,0.0
12000,0.11
8900,0.2
3978,0.58
12887,0.09
15016,0.05
10810,0.14
6712,0.3
17637,0.02
17391,0.02
10953,0.13
10768,0.14
8801,0.2
928,2.12
16829,0.03
10818,0.14
6913,0.29
10836,0.14
20423,0.0
18987,0.01
4068,0.57
15738,0.04
12863,0.09
15953,0.04
18537,0.01
19688,0.01
6223,0.34
2229,1.07
1398,1.56
9651,0.17
4634,0.49
19528,0.01
10854,0.14
19450,0.01
7974,0.24
1606,1.41
5259,0.42
1692,1.35
7405,0.26
5970,0.36
19310,0.01
11696,0.11
2168,1.1
11274,0.12
14915,0.05
115,8.3
11784,0.11
1554,1.45
7912,0.24
6340,0.33
7199,0.27
13474,0.08
3113,0.76
7511,0.26
16976,0.03
6056,0.35
15490,0.05
11963,0.11
3200,0.74
1943,1.2
17418,0.02
18843,0.01
10742,0.14
17661,0.02
3522,0.66
4985,0.45
7580,0.25
2851,0.84
17335,0.02
13257,0.08
10670,0.14
7796,0.24
20750,0.0
1807,1.28
18139,0.02
18217,0.02
18149,0.02
21202,0.0
17872,0.02
12620,0.1
1337,1.61
6390,0.32
11977,0.11
7944,0.24
1604,1.41
19242,0.01
2112,1.12
7683,0.25
4230,0.55
8443,0.21
14791,0.06
1433,1.52
17895,0.02
17749,0.02
16150,0.04
9248,0.18
9685,0.17
19030,0.01
14058,0.07
17494,0.02
4291,0.54
3429,0.68
16799,0.03
10697,0.14
15461,0.05
3043,0.78
19978,0.0
11378,0.12
2754,0.87
4842,0.47
7571,0.26
19600,0.01
16629,0.03
7576,0.26
7290,0.27
5561,0.39
20306,0.0
16096,0.04
5597,0.39
7664,0.25
12460,0.1
1599,1.41
7895,0.24
13315,0.08
2638,0.92
17983,0.02
8878,0.2
17054,0.03
2412,1.0
3964,0.58
16143,0.04
2533,0.95
10675,0.14
1147,1.8
4115,0.56
11972,0.11
2425,1.0
11105,0.13
3425,0.69
15102,0.05
8931,0.19
17222,0.03
11958,0.11
13243,0.08
4680,0.49
17578,0.02
2141,1.1
10690,0.14
7698,0.25
4678,0.49
20377,0.0
18507,0.01
8644,0.21
14339,0.06
14228,0.06
17131,0.03
2546,0.95
8010,0.23
19777,0.01
9566,0.17
6228,0.33
15403,0.05
16906,0.03
10727,0.14
6234,0.33
14218,0.06
15185,0.05
12840,0.09
13235,0.08
3926,0.59
17902,0.02
8147,0.23
4600,0.5
8193,0.23
20754,0.0
1350,1.6
5031,0.45
15137,0.05
20732,0.0
8136,0.23
2687,0.9
11680,0.11
4772,0.47
12368,0.1
10855,0.14
9191,0.19
18586,0.01
7077,0.28
3002,0.79
16839,0.03
18999,0.01
7668,0.25
15919,0.04
10466,0.15
3156,0.75
1063,1.92
18913,0.01
265,4.91
7341,0.27
18819,0.01
11365,0.12
9778,0.17
15352,0.05
17173,0.03
18759,0.01
8485,0.21
13646,0.07
17425,0.02
5836,0.37
16767,0.03
8657,0.21
4044,0.57
3100,0.77
14793,0.06
424,3.62
16806,0.03
5198,0.43
1730,1.33
15081,0.05
6703,0.3
6407,0.32
18492,0.01
9698,0.17
10711,0.14
54,13.08
10571,0.14
9392,0.18
19338,0.01
18500,0.01
19692,0.01
695,2.6
6253,0.33
12683,0.09
18179,0.02
3941,0.59
16864,0.03
11842,0.11
1261,1.69
6077,0.35
18674,0.01
7554,0.26
13922,0.07
2621,0.92
11734,0.11
1768,1.3
18359,0.02
15802,0.04
9515,0.17
2752,0.87
10133,0.15
8394,0.22
13069,0.09
11277,0.12
10989,0.13
18801,0.01
1530,1.47
5186,0.43
12793,0.09
1163,1.78
15043,0.05
3919,0.59
2826,0.85
7599,0.25
9814,0.16
11547,0.12
139,7.2
4058,0.57
15052,0.05
7504,0.26
9888,0.16
6442,0.32
18298,0.02
14840,0.05
2177,1.1
3263,0.72
11994,0.11
11756,0.11
1227,1.72
2150,1.1
20370,0.0
2408,1.0
17261,0.02
6392,0.32
3062,0.78
19190,0.01
8288,0.22
1712,1.34
13912,0.07
10926,0.13
16340,0.03
5817,0.37
5549,0.4
15022,0.05
7858,0.24
16904,0.03
4252,0.54
11438,0.12
6049,0.35
13729,0.07
6866,0.29
7306,0.27
3947,0.58
2008,1.16
10876,0.13
12777,0.09
13585,0.08
6345,0.33
9610,0.17
15958,0.04
14149,0.07
8688,0.2
15082,0.05
7748,0.25
3455,0.68
6484,0.32
17473,0.02
6006,0.35
13876,0.07
15164,0.05
5250,0.42
5923,0.36
6480,0.32
6483,0.32
4972,0.45
13470,0.08
4741,0.48
2712,0.89
2812,0.85
14222,0.06
2929,0.81
17789,0.02
2751,0.87
9347,0.18
3806,0.61
13345,0.08
1061,1.93
14435,0.06
9250,0.18
18746,0.01
11355,0.12
2174,1.1
2153,1.1
19592,0.01
18821,0.01
16725,0.03
19852,0.01
88,9.97
6239,0.33
11687,0.11
10628,0.14
9948,0.16
16624,0.03
11107,0.13
10934,0.13
10327,0.15
3634,0.64
16099,0.04
3615,0.64
16138,0.04
8364,0.22
14553,0.06
20257,0.0
17246,0.02
1205,1.74
12529,0.1
11081,0.13
4475,0.51
18291,0.02
12239,0.1
17720,0.02
19795,0.01
20691,0.0
6072,0.35
5140,0.44
15833,0.04
11507,0.12
12970,0.09
21009,0.0
9416,0.18
19333,0.01
13696,0.07
4989,0.45
4170,0.55
7722,0.25
6070,0.35
7530,0.26
4767,0.47
14762,0.06
6653,0.31
14940,0.05
19240,0.01
576,2.98
9238,0.18
15722,0.04
19269,0.01
18783,0.01
3393,0.69
8870,0.2
13170,0.08
8158,0.23
15019,0.05
10495,0.15
8686,0.2
6586,0.31
2250,1.06
9231,0.19
3468,0.67
7831,0.24
20402,0.0
17592,0.02
4104,0.56
16899,0.03
466,3.44
5252,0.42
9512,0.17
11741,0.11
5527,0.4
13801,0.07
18099,0.02
3668,0.63
20215,0.0
14488,0.06
1632,1.39
20659,0.0
3189,0.75
878,2.2
5503,0.4
9457,0.18
15657,0.04
8361,0.22
10319,0.15
17800,0.02
3922,0.59
1402,1.56
15300,0.05
3246,0.73
9276,0.18
17495,0.02
3921,0.59
15134,0.05
12245,0.1
18153,0.02
16581,0.03
14480,0.06
18473,0.02
14957,0.05
9402,0.18
19368,0.01
4505,0.51
13106,0.08
4199,0.55
20073,0.0
8821,0.2
20747,0.0
11592,0.12
4043,0.57
13212,0.08
7198,0.27
21144,0.0
18802,0.01
17197,0.03
17356,0.02
7615,0.25
8957,0.19
18490,0.01
7553,0.26
14942,0.05
11015,0.13
2503,0.96
18244,0.02
7007,0.28
11152,0.13
16877,0.03
13651,0.07
19039,0.01
15907,0.04
13426,0.08
4548,0.5
12475,0.1
20310,0.0
13389,0.08
11250,0.13
2616,0.92
3532,0.66
17395,0.02
5160,0.43
1282,1.68
2519,0.96
17876,0.02
12930,0.09
3682,0.63
17887,0.02
1158,1.79
20139,0.0
2622,0.92
18399,0.02
17544,0.02
2898,0.83
10935,0.13
15673,0.04
15560,0.04
14371,0.06
14346,0.06
16819,0.03
10605,0.14
14111,0.07
19496,0.01
18541,0.01
7792,0.24
4450,0.52
963,2.07
3492,0.67
15323,0.05
10547,0.14
3728,0.62
11681,0.11
3617,0.64
17919,0.02
16545,0.03
5174,0.43
18552,0.01
17274,0.02
13263,0.08
13047,0.09
16272,0.04
6023,0.35
17832,0.02
17348,0.02
16209,0.04
20722,0.0
15094,0.05
4605,0.5
10192,0.15
9593,0.17
19727,0.01
15996,0.04
2325,1.03
14236,0.06
15769,0.04
3388,0.7
1258,1.69
12119,0.11
3844,0.6
9400,0.18
15293,0.05
273,4.83
18988,0.01
4309,0.54
19890,0.0
19175,0.01
13190,0.08
20045,0.0
10653,0.14
12304,0.1
11897,0.11
17007,0.03
12590,0.1
7240,0.27
15420,0.05
12276,0.1
5304,0.42
13576,0.08
18605,0.01
16708,0.03
11364,0.12
5201,0.43
7578,0.25
15045,0.05
4447,0.52
17388,0.02
5995,0.36
6788,0.3
12752,0.09
2958,0.81
19023,0.01
7603,0.25
17353,0.02
6503,0.32
2602,0.93
3826,0.6
7462,0.26
2943,0.81
9299,0.18
9093,0.19
7513,0.26
19377,0.01
14390,0.06
2237,1.07
6647,0.31
20781,0.0
5371,0.41
20052,0.0
257,5.0
4375,0.53
14805,0.06
4149,0.56
20739,0.0
4049,0.57
13445,0.08
2534,0.95
7019,0.28
13687,0.07
15685,0.04
12447,0.1
8225,0.22
9931,0.16
1743,1.32
12543,0.1
10033,0.16
20387,0.0
17038,0.03
9656,0.17
16666,0.03
2312,1.04
12167,0.1
18531,0.01
15365,0.05
16871,0.03
7677,0.25
10957,0.13
17368,0.02
19545,0.01
15675,0.04
10856,0.14
3070,0.77
11800,0.11
7672,0.25
6346,0.33
16331,0.03
3277,0.72
1644,1.38
11222,0.13
3106,0.76
13437,0.08
103,8.88
18920,0.01
6798,0.3
6951,0.29
2876,0.83
8603,0.21
13360,0.08
3077,0.77
20248,0.0
4707,0.48
13588,0.08
16567,0.03
8973,0.19
13627,0.07
12754,0.09
12165,0.1
20785,0.0
12831,0.09
15153,0.05
6428,0.32
6069,0.35
10242,0.15
17148,0.03
7040,0.28
12669,0.09
11974,0.11
21152,0.0
21092,0.0
8743,0.2
57,12.78
15607,0.04
17806,0.02
15467,0.05
3784,0.61
19637,0.01
21146,0.0
16076,0.04
16042,0.04
7474,0.26
14458,0.06
6612,0.31
2516,0.96
2301,1.04
13351,0.08
20000,0.0
6590,0.31
379,3.98
10330,0.15
18503,0.01
10765,0.14
17185,0.03
15297,0.05
4279,0.54
19293,0.01
6448,0.32
927,2.12
13506,0.08
13825,0.07
5472,0.4
8206,0.23
18549,0.01
2725,0.89
399,3.8
9876,0.16
13684,0.07
11243,0.13
17693,0.02
7442,0.26
2946,0.81
8925,0.2
13590,0.08
18120,0.02
20583,0.0
5148,0.44
3847,0.6
19820,0.01
5337,0.42
15694,0.04
5721,0.38
6969,0.29
5665,0.38
19665,0.01
4166,0.56
7691,0.25
9565,0.17
4140,0.56
467,3.43
5115,0.44
9982,0.16
8932,0.19
12506,0.1
18707,0.01
21087,0.0
11311,0.12
14763,0.06
17834,0.02
20912,0.0
10819,0.14
7801,0.24
16836,0.03
9845,0.16
12896,0.09
6595,0.31
9477,0.18
13112,0.08
19313,0.01
5382,0.41
4783,0.47
7178,0.27
16161,0.04
13459,0.08
10528,0.14
18478,0.02
3,36.6
2028,1.15
7648,0.25
5701,0.38
10792,0.14
4610,0.5
11403,0.12
1732,1.33
4191,0.55
14265,0.06
2392,1.0
7021,0.28
3226,0.73
19236,0.01
17940,0.02
4935,0.45
7881,0.24
20558,0.0
10657,0.14
11570,0.12
9059,0.19
14847,0.05
15696,0.04
17939,0.02
42,14.64
14679,0.06
18952,0.01
6526,0.31
3433,0.68
795,2.38
14001,0.07
4463,0.51
8810,0.2
11020,0.13
8902,0.2
15497,0.05
16418,0.03
17998,0.02
14146,0.07
9489,0.18
16230,0.04
12369,0.1
6188,0.34
14568,0.06
3948,0.58
4085,0.57
407,3.71
16547,0.03
46,13.86
21047,0.0
17626,0.02
2571,0.94
4010,0.58
14398,0.06
17381,0.02
3974,0.58
20230,0.0
12387,0.1
19139,0.01
17214,0.03
4991,0.45
5456,0.4
12509,0.1
18047,0.02
17746,0.02
15009,0.05
13513,0.08
15614,0.04
2485,0.97
18391,0.02
7411,0.26
8105,0.23
20265,0.0
15960,0.04
12120,0.11
2483,0.97
7907,0.24
6311,0.33
19643,0.01
20044,0.0
14492,0.06
20481,0.0
18868,0.01
2319,1.04
13771,0.07
20521,0.0
584,2.94
17987,0.02
9983,0.16
17783,0.02
20002,0.0
18154,0.02
708,2.58
819,2.33
10645,0.14
9236,0.18
1822,1.27
17027,0.03
3375,0.7
4285,0.54
6730,0.3
1722,1.33
5168,0.43
16905,0.03
8223,0.22
3328,0.71
11145,0.13
10620,0.14
14827,0.05
7477,0.26
16114,0.04
3616,0.64
15143,0.05
3211,0.74
14244,0.06
644,2.77
21122,0.0
12020,0.11
12019,0.11
17861,0.02
2676,0.9
4160,0.56
14006,0.07
17521,0.02
17849,0.02
18326,0.02
12269,0.1
9260,0.18
2605,0.93
2133,1.11
10105,0.16
6325,0.33
8882,0.2
3860,0.6
10540,0.14
3115,0.76
11333,0.12
13088,0.09
18278,0.02
13508,0.08
1430,1.53
8327,0.22
10351,0.15
9262,0.18
2505,0.96
19775,0.01
19457,0.01
8256,0.22
16028,0.04
8349,0.22
11625,0.12
15912,0.04
16620,0.03
2326,1.03
8696,0.2
18878,0.01
15421,0.05
4048,0.57
19234,0.01
4343,0.53
6350,0.33
20758,0.0
457,3.49
10425,0.15
7687,0.25
19605,0.01
18712,0.01
19722,0.01
13229,0.08
3887,0.59
14431,0.06
6206,0.34
3508,0.66
6688,0.3
8658,0.21
20956,0.0
2117,1.11
20345,0.0
668,2.69
1162,1.79
4438,0.52
11853,0.11
5905,0.36
7814,0.24
10184,0.15
1219,1.72
431,3.58
8049,0.23
6153,0.34
11566,0.12
12628,0.1
14650,0.06
15109,0.05
7834,0.24
9298,0.18
16854,0.03
2694,0.89
13856,0.07
8726,0.2
12128,0.11
8679,0.2
11818,0.11
14184,0.07
17466,0.02
14041,0.07
10408,0.15
315,4.39
8703,0.2
9966,0.16
11072,0.13
18755,0.01
1419,1.54
10281,0.15
18692,0.01
7780,0.25
9929,0.16
7747,0.25
18648,0.01
6132,0.34
11121,0.13
19940,0.0
20168,0.0
7772,0.25
17090,0.03
16564,0.03
4489,0.51
10456,0.15
10011,0.16
5763,0.38
293,4.56
21231,0.0
19565,0.01
8570,0.21
8510,0.21
3609,0.65
6508,0.32
15239,0.05
21055,0.0
907,2.16
15582,0.04
9389,0.18
11354,0.12
16584,0.03
11339,0.12
1994,1.17
1704,1.34
7983,0.24
20443,0.0
13660,0.07
977,2.05
1873,1.24
9525,0.17
12814,0.09
621,2.83
20536,0.0
4345,0.53
3733,0.62
21069,0.0
19570,0.01
1153,1.8
14977,0.05
16121,0.04
12047,0.11
2703,0.89
586,2.94
9092,0.19
7121,0.28
10328,0.15
21184,0.0
7781,0.25
6381,0.32
14798,0.06
9363,0.18
16504,0.03
14345,0.06
14151,0.07
10658,0.14
17154,0.03
20033,0.0
5589,0.39
13883,0.07
852,2.27
14845,0.05
17664,0.02
7613,0.25
14171,0.07
10995,0.13
1339,1.61
13022,0.09
15112,0.05
16431,0.03
5762,0.38
5284,0.42
5848,0.37
736,2.5
4591,0.5
15801,0.04
17273,0.02
5182,0.43
450,3.51
19253,0.01
18308,0.02
13796,0.07
5282,0.42
6918,0.29
11674,0.11
11096,0.13
5478,0.4
3686,0.63
11063,0.13
18520,0.01
11018,0.13
1144,1.81
19401,0.01
3265,0.72
10048,0.16
1237,1.71
14033,0.07
3638,0.64
4417,0.52
14687,0.06
12944,0.09
7110,0.28
41,14.74
4667,0.49
5557,0.4
3128,0.76
14136,0.07
17043,0.03
17738,0.02
2578,0.94
6723,0.3
7947,0.24
2034,1.15
1123,1.84
2862,0.84
9808,0.17
17105,0.03
3165,0.75
15175,0.05
3222,0.73
10715,0.14
4509,0.51
8122,0.23
1347,1.6
7476,0.26
2585,0.93
10069,0.16
17615,0.02
18809,0.01
16106,0.04
13630,0.07
10562,0.14
18061,0.02
17668,0.02
90,9.9
11117,0.13
35,15.02
20703,0.0
18402,0.02
8713,0.2
5357,0.41
14179,0.07
14653,0.06
13691,0.07
13993,0.07
705,2.58
2207,1.08
5654,0.39
20160,0.0
7569,0.26
13391,0.08
3702,0.63
13219,0.08
20625,0.0
17471,0.02
5553,0.4
13631,0.07
8977,0.19
5090,0.44
15357,0.05
12567,0.1
3210,0.74
5047,0.44
5170,0.43
16896,0.03
2002,1.17
3643,0.64
20060,0.0
12804,0.09
15540,0.04
5277,0.42
7591,0.25
14280,0.06
13663,0.07
3302,0.71
6689,0.3
10841,0.14
5112,0.44
14359,0.06
18499,0.01
4743,0.48
12663,0.09
10384,0.15
9201,0.19
16615,0.03
8375,0.22
1866,1.25
2221,1.07
5864,0.37
7014,0.28
9418,0.18
13714,0.07
20589,0.0
4982,0.45
651,2.74
3334,0.71
5610,0.39
13938,0.07
13701,0.07
9578,0.17
20737,0.0
15015,0.05
836,2.3
5286,0.42
18763,0.01
5980,0.36
5971,0.36
7639,0.25
19768,0.01
11191,0.13
17,21.13
9992,0.16
19261,0.01
18122,0.02
5290,0.42
10287,0.15
3014,0.79
6926,0.29
20281,0.0
12570,0.1
6641,0.31
5043,0.45
9892,0.16
15793,0.04
14617,0.06
4755,0.48
647,2.76
9758,0.17
15085,0.05
13486,0.08
1321,1.64
17975,0.02
20700,0.0
15130,0.05
10333,0.15
1905,1.22
5754,0.38
20897,0.0
10044,0.16
15355,0.05
17204,0.03
3000,0.79
18835,0.01
19369,0.01
15856,0.04
1429,1.53
4165,0.56
3335,0.71
217,5.35
10429,0.15
15686,0.04
17118,0.03
16494,0.03
1396,1.56
8299,0.22
10498,0.15
4740,0.48
14548,0.06
3366,0.7
1739,1.32
14815,0.06
8958,0.19
7731,0.25
8883,0.2
18102,0.02
11233,0.13
15436,0.05
14449,0.06
20038,0.0
6933,0.29
14421,0.06
4520,0.51
10906,0.13
19427,0.01
1187,1.76
2797,0.86
7745,0.25
18523,0.01
891,2.19
13981,0.07
19776,0.01
20407,0.0
12838,0.09
1838,1.26
18776,0.01
13003,0.09
21147,0.0
20535,0.0
4322,0.53
18575,0.01
387,3.91
4921,0.46
13715,0.07
5460,0.4
1358,1.6
1035,1.97
3351,0.7
5042,0.45
4168,0.55
18839,0.01
2448,0.99
841,2.28
20797,0.0
14194,0.06
4472,0.51
6161,0.34
5459,0.4
8035,0.23
19367,0.01
5059,0.44
6810,0.29
20378,0.0
5749,0.38
15533,0.04
3843,0.6
20546,0.0
21121,0.0
140,7.17
19602,0.01
9224,0.19
16473,0.03
13972,0.07
15718,0.04
8499,0.21
2065,1.14
9040,0.19
7752,0.25
1444,1.52
10963,0.13
1372,1.59
2753,0.87
278,4.76
16166,0.04
6897,0.29
20567,0.0
12923,0.09
7949,0.24
19470,0.01
513,3.2
4629,0.49
17961,0.02
16453,0.03
3047,0.78
3481,0.67
2789,0.86
15939,0.04
2380,1.01
6242,0.33
3286,0.72
7567,0.26
16334,0.03
14106,0.07
18242,0.02
19335,0.01
5500,0.4
12400,0.1
19219,0.01
15419,0.05
12608,0.1
6625,0.31
20827,0.0
18218,0.02
17406,0.02
19260,0.01
8439,0.21
4902,0.46
2403,1.0
17160,0.03
6415,0.32
3242,0.73
8144,0.23
6888,0.29
12723,0.09
16524,0.03
20478,0.0
19054,0.01
15762,0.04
11025,0.13
16521,0.03
4404,0.52
19755,0.01
1705,1.34
16983,0.03
8094,0.23
19765,0.01
9331,0.18
11011,0.13
476,3.38
20735,0.0
7439,0.26
18751,0.01
16069,0.04
6202,0.34
15041,0.05
19639,0.01
5746,0.38
6061,0.35
19629,0.01
18441,0.02
20800,0.0
5853,0.37
14822,0.06
3669,0.63
3068,0.77
2777,0.87
17948,0.02
970,2.06
13557,0.08
4351,0.53
10788,0.14
7284,0.27
15194,0.05
18158,0.02
3396,0.69
17460,0.02
12626,0.1
7304,0.27
14674,0.06
20508,0.0
5227,0.43
20106,0.0
10718,0.14
10154,0.15
5770,0.38
6388,0.32
14735,0.06
21165,0.0
10664,0.14
15913,0.04
733,2.5
16345,0.03
11153,0.13
7719,0.25
9469,0.18
10599,0.14
3394,0.69
13664,0.07
6790,0.3
13956,0.07
15641,0.04
13884,0.07
11773,0.11
6463,0.32
3769,0.61
1065,1.92
18785,0.01
11788,0.11
20447,0.0
15430,0.05
17326,0.02
7753,0.25
16503,0.03
9317,0.18
19521,0.01
11596,0.12
13601,0.08
11846,0.11
4441,0.52
1441,1.52
18659,0.01
6903,0.29
18533,0.01
3699,0.63
7667,0.25
2444,0.99
4984,0.45
3559,0.66
16300,0.03
5001,0.45
14196,0.06
13706,0.07
4178,0.55
7917,0.24
8956,0.19
8645,0.21
20297,0.0
10614,0.14
3704,0.63
13371,0.08
3458,0.68
15428,0.05
12348,0.1
10205,0.15
20815,0.0
8948,0.19
4296,0.54
921,2.14
1086,1.9
16536,0.03
3025,0.78
20830,0.0
16934,0.03
4981,0.45
2699,0.89
19430,0.01
13526,0.08
1362,1.6
12699,0.09
3352,0.7
6467,0.32
17688,0.02
3011,0.79
2232,1.07
13577,0.08
5532,0.4
10168,0.15
5081,0.44
7302,0.27
5598,0.39
9652,0.17
11091,0.13
6289,0.33
8271,0.22
6074,0.35
12759,0.09
8046,0.23
2129,1.11
2414,1.0
2794,0.86
7671,0.25
18883,0.01
7955,0.24
4219,0.55
15680,0.04
16835,0.03
15333,0.05
13628,0.07
2684,0.9
11881,0.11
19770,0.01
10852,0.14
16804,0.03
1383,1.58
21014,0.0
10502,0.14
20986,0.0
12762,0.09
8171,0.23
2748,0.87
10901,0.13
12367,0.1
2635,0.92
21077,0.0
14882,0.05
9188,0.19
5099,0.44
12148,0.11
169,6.3
14267,0.06
15035,0.05
8917,0.2
4139,0.56
12619,0.1
15630,0.04
15876,0.04
8404,0.22
3498,0.67
14055,0.07
10895,0.13
7488,0.26
553,3.03
4032,0.57
8513,0.21
3437,0.68
19047,0.01
7375,0.27
6687,0.3
12393,0.1
17419,0.02
11623,0.12
137,7.26
13636,0.07
11712,0.11
7132,0.28
14061,0.07
14786,0.06
12151,0.11
10980,0.13
7425,0.26
17659,0.02
2856,0.84
16197,0.04
17163,0.03
14408,0.06
12642,0.09
4024,0.57
19489,0.01
20068,0.0
8034,0.23
20566,0.0
9630,0.17
17972,0.02
9849,0.16
12320,0.1
13030,0.09
5363,0.41
14440,0.06
1397,1.56
14662,0.06
5352,0.41
20087,0.0
13405,0.08
12572,0.1
2213,1.08
14606,0.06
13150,0.08
3794,0.61
7365,0.27
14844,0.05
10994,0.13
2512,0.96
10834,0.14
4609,0.5
21201,0.0
14994,0.05
7369,0.27
11369,0.12
3529,0.66
5518,0.4
17645,0.02
2495,0.97
11167,0.13
3274,0.72
7506,0.26
19825,0.01
14090,0.07
2701,0.89
2085,1.13
4973,0.45
12823,0.09
17498,0.02
3710,0.62
9109,0.19
9010,0.19
5165,0.43
10826,0.14
15248,0.05
11670,0.11
11860,0.11
14664,0.06
8970,0.19
8960,0.19
10881,0.13
9647,0.17
17121,0.03
5547,0.4
16208,0.04
17141,0.03
7409,0.26
13941,0.07
9729,0.17
9025,0.19
5937,0.36
17393,0.02
8432,0.22
12604,0.1
13745,0.07
9660,0.17
714,2.57
2678,0.9
5107,0.44
5885,0.37
14108,0.07
16520,0.03
15917,0.04
16541,0.03
4202,0.55
10519,0.14
16486,0.03
6,30.8
11895,0.11
4391,0.52
5407,0.41
16643,0.03
13719,0.07
8043,0.23
6076,0.35
20056,0.0
10331,0.15
5742,0.38
19220,0.01
19327,0.01
10454,0.15
5846,0.37
9800,0.17
7307,0.27
17924,0.02
5305,0.42
5678,0.38
9831,0.16
7172,0.28
16410,0.03
13435,0.08
5391,0.41
1023,1.99
6198,0.34
16891,0.03
14137,0.07
6692,0.3
13906,0.07
6422,0.32
13553,0.08
20972,0.0
3488,0.67
4153,0.56
14789,0.06
13148,0.08
15190,0.05
6518,0.32
16434,0.03
7826,0.24
3778,0.61
17935,0.02
17002,0.03
14476,0.06
8227,0.22
12807,0.09
9887,0.16
6462,0.32
14320,0.06
18884,0.01
9129,0.19
3143,0.76
20624,0.0
2111,1.12
10527,0.14
16556,0.03
5945,0.36
17512,0.02
16724,0.03
15697,0.04
6244,0.33
5217,0.43
15861,0.04
20611,0.0
14804,0.06
7809,0.24
558,3.02
12440,0.1
20420,0.0
14851,0.05
18379,0.02
15978,0.04
17585,0.02
19800,0.01
6741,0.3
2727,0.88
10325,0.15
15487,0.05
3213,0.74
9563,0.17
16059,0.04
15456,0.05
5865,0.37
6218,0.34
7346,0.27
19926,0.0
11805,0.11
19699,0.01
8285,0.22
7760,0.25
14754,0.06
12725,0.09
14019,0.07
18584,0.01
6781,0.3
6756,0.3
10062,0.16
10735,0.14
1470,1.5
5359,0.41
9313,0.18
16812,0.03
16361,0.03
18891,0.01
18810,0.01
16894,0.03
13449,0.08
15538,0.04
4293,0.54
16599,0.03
7721,0.25
16152,0.04
2988,0.8
12377,0.1
14579,0.06
16191,0.04
7247,0.27
20674,0.0
4143,0.56
14642,0.06
2252,1.06
12419,0.1
20924,0.0
1869,1.24
9405,0.18
3703,0.63
8020,0.23
11660,0.11
14023,0.07
13174,0.08
7786,0.25
14081,0.07
9002,0.19
5550,0.4
5332,0.42
16542,0.03
1199,1.75
15250,0.05
6409,0.32
1277,1.68
4574,0.5
4909,0.46
6220,0.34
12259,0.1
715,2.56
1670,1.37
14040,0.07
17666,0.02
15057,0.05
16374,0.03
361,4.06
15887,0.04
9086,0.19
11512,0.12
5436,0.41
8842,0.2
6235,0.33
9792,0.17
20604,0.0
5418,0.41
15371,0.05
21064,0.0
3024,0.79
4097,0.56
7539,0.26
20606,0.0
7702,0.25
12747,0.09
8546,0.21
1157,1.79
13549,0.08
14718,0.06
8164,0.23
20569,0.0
17762,0.02
16823,0.03
9090,0.19
460,3.47
8076,0.23
13609,0.08
7627,0.25
9406,0.18
6290,0.33
291,4.6
4774,0.47
12240,0.1
15368,0.05
15725,0.04
14929,0.05
1106,1.86
18062,0.02
21056,0.0
4388,0.52
12856,0.09
6097,0.35
5045,0.45
12321,0.1
19423,0.01
9144,0.19
6880,0.29
5554,0.4
6051,0.35
9728,0.17
3623,0.64
8732,0.2
11433,0.12
19504,0.01
9315,0.18
10870,0.13
19046,0.01
900,2.17
2279,1.05
15574,0.04
10505,0.14
12014,0.11
16860,0.03
5018,0.45
259,5.0
19887,0.0
12121,0.11
20572,0.0
6084,0.35
1647,1.38
11604,0.12
16841,0.03
2910,0.82
16733,0.03
19666,0.01
230,5.22
2981,0.8
9653,0.17
128,7.58
2932,0.81
15321,0.05
21058,0.0
8086,0.23
17158,0.03
12094,0.11
3993,0.58
14240,0.06
17225,0.03
16216,0.04
2669,0.9
18329,0.02
12616,0.1
16310,0.03
10928,0.13
9056,0.19
16920,0.03
5621,0.39
8063,0.23
18352,0.02
20876,0.0
20403,0.0
274,4.83
11843,0.11
12189,0.1
4028,0.57
11051,0.13
5300,0.42
8409,0.22
9899,0.16
11368,0.12
2626,0.92
6225,0.34
10784,0.14
19375,0.01
16749,0.03
19379,0.01
16954,0.03
17962,0.02
18231,0.02
5333,0.42
5135,0.44
17732,0.02
15148,0.05
16609,0.03
6286,0.33
8453,0.21
6020,0.35
11351,0.12
3187,0.75
19167,0.01
4496,0.51
14648,0.06
2184,1.09
10104,0.16
5474,0.4
4739,0.48
6281,0.33
2066,1.14
8103,0.23
12385,0.1
7596,0.25
11724,0.11
8156,0.23
7682,0.25
15362,0.05
10430,0.15
11235,0.13
19515,0.01
13005,0.09
8029,0.23
10381,0.15
7289,0.27
6335,0.33
13529,0.08
14746,0.06
7757,0.25
18091,0.02
1957,1.2
20482,0.0
4398,0.52
6978,0.29
487,3.33
19910,0.0
5216,0.43
10747,0.14
18976,0.01
5446,0.41
18007,0.02
10899,0.13
18649,0.01
3184,0.75
17068,0.03
15570,0.04
16157,0.04
14401,0.06
19110,0.01
21090,0.0
10110,0.16
2783,0.87
14095,0.07
18307,0.02
7922,0.24
6186,0.34
20153,0.0
20791,0.0
8668,0.21
19564,0.01
20579,0.0
12918,0.09
3694,0.63
11884,0.11
1020,2.0
10275,0.15
8654,0.21
12053,0.11
5485,0.4
16462,0.03
4724,0.48
3073,0.77
12985,0.09
14238,0.06
17886,0.02
17993,0.02
11031,0.13
11850,0.11
17477,0.02
2740,0.88
10885,0.13
8198,0.23
11915,0.11
14413,0.06
16817,0.03
7975,0.24
2736,0.88
3511,0.66
20642,0.0
14237,0.06
134,7.37
13396,0.08
18472,0.02
19571,0.01
7921,0.24
5815,0.37
18368,0.02
12221,0.1
21001,0.0
11896,0.11
19146,0.01
14035,0.07
11535,0.12
8608,0.21
7267,0.27
10529,0.14
17915,0.02
18259,0.02
13812,0.07
5929,0.36
16760,0.03
14078,0.07
1579,1.43
19392,0.01
2968,0.8
17170,0.03
8025,0.23
3256,0.72
13755,0.07
485,3.34
6808,0.3
967,2.06
15478,0.05
6940,0.29
20873,0.0
8715,0.2
10907,0.13
7071,0.28
21226,0.0
1947,1.2
7751,0.25
9117,0.19
2225,1.07
5925,0.36
16199,0.04
11945,0.11
12273,0.1
10322,0.15
2136,1.11
14843,0.05
7839,0.24
3821,0.6
13093,0.08
14573,0.06
13202,0.08
15479,0.05
20584,0.0
9958,0.16
17159,0.03
6425,0.32
6760,0.3
14722,0.06
7708,0.25
9809,0.17
3204,0.74
2549,0.95
11610,0.12
19680,0.01
20359,0.0
9115,0.19
15298,0.05
8727,0.2
20279,0.0
21094,0.0
17157,0.03
20184,0.0
6108,0.35
17671,0.02
10777,0.14
14742,0.06
5195,0.43
9153,0.19
16729,0.03
18502,0.01
2904,0.82
5852,0.37
10648,0.14
13181,0.08
12037,0.11
601,2.89
7782,0.25
11747,0.11
14508,0.06
4344,0.53
4977,0.45
8319,0.22
12844,0.09
2167,1.1
17413,0.02
18378,0.02
12344,0.1
12877,0.09
9680,0.17
18904,0.01
4788,0.47
5714,0.38
6451,0.32
21114,0.0
14880,0.05
5034,0.45
2624,0.92
16180,0.04
11677,0.11
2545,0.95
9805,0.17
20142,0.0
16746,0.03
741,2.49
411,3.7
20409,0.0
17700,0.02
5225,0.43
7789,0.24
14902,0.05
12296,0.1
13858,0.07
2497,0.97
19091,0.01
20368,0.0
20882,0.0
8852,0.2
4730,0.48
14703,0.06
13249,0.08
2760,0.87
2075,1.14
13882,0.07
20834,0.0
12989,0.09
19259,0.01
18230,0.02
17884,0.02
16497,0.03
11257,0.12
3105,0.76
16824,0.03
18856,0.01
3147,0.75
12181,0.1
12034,0.11
14190,0.06
286,4.67
7810,0.24
1323,1.64
9124,0.19
16828,0.03
13130,0.08
4059,0.57
72,11.18
14702,0.06
410,3.7
11933,0.11
2078,1.13
7655,0.25
3882,0.59
2012,1.16
8913,0.2
7537,0.26
8616,0.21
8487,0.21
13915,0.07
2522,0.96
4731,0.48
8678,0.2
16441,0.03
18428,0.02
15346,0.05
6832,0.29
20688,0.0
9645,0.17
10309,0.15
14516,0.06
14883,0.05
18599,0.01
4983,0.45
17893,0.02
20180,0.0
16658,0.03
8476,0.21
3461,0.68
14695,0.06
7931,0.24
9748,0.17
3971,0.58
7305,0.27
7732,0.25
2298,1.04
3168,0.75
12051,0.11
9061,0.19
20831,0.0
17988,0.02
8908,0.2
13497,0.08
16277,0.04
896,2.18
8748,0.2
17685,0.02
14073,0.07
1071,1.91
15336,0.05
14028,0.07
7945,0.24
20615,0.0
12078,0.11
2830,0.85
13556,0.08
5379,0.41
2045,1.15
1595,1.42
14989,0.05
5764,0.38
14018,0.07
21129,0.0
205,5.5
6562,0.31
8753,0.2
12146,0.11
15079,0.05
14198,0.06
18052,0.02
17069,0.03
17289,0.02
2677,0.9
3538,0.66
17518,0.02
14725,0.06
12983,0.09
11746,0.11
12684,0.09
1731,1.33
15740,0.04
3635,0.64
5934,0.36
16606,0.03
697,2.6
1005,2.01
13761,0.07
18301,0.02
20839,0.0
14063,0.07
2771,0.87
18587,0.01
19918,0.0
14652,0.06
16968,0.03
4618,0.49
11060,0.13
12833,0.09
12813,0.09
1029,1.98
11304,0.12
18761,0.01
17317,0.02
4013,0.58
9014,0.19
3958,0.58
19027,0.01
12082,0.11
11947,0.11
4336,0.53
14592,0.06
6024,0.35
8530,0.21
4706,0.48
5348,0.42
15001,0.05
8803,0.2
7220,0.27
7466,0.26
15963,0.04
2101,1.12
14655,0.06
101,9.15
19953,0.0
6698,0.3
6958,0.29
13287,0.08
14143,0.07
2743,0.88
8928,0.2
20240,0.0
4045,0.57
11806,0.11
8840,0.2
17611,0.02
6715,0.3
8544,0.21
5871,0.37
18333,0.02
16607,0.03
15732,0.04
2730,0.88
396,3.84
1664,1.37
6195,0.34
6433,0.32
20544,0.0
18558,0.01
20837,0.0
1476,1.5
8985,0.19
11026,0.13
3589,0.65
17953,0.02
20940,0.0
5948,0.36
6062,0.35
635,2.79
817,2.33
20851,0.0
15756,0.04
3341,0.71
19129,0.01
50,13.4
18949,0.01
16765,0.03
15845,0.04
15075,0.05
13042,0.09
707,2.58
1686,1.35
9395,0.18
19591,0.01
12203,0.1
724,2.51
15933,0.04
2805,0.86
12815,0.09
1026,1.98
10368,0.15
6309,0.33
15097,0.05
5215,0.43
5833,0.37
14982,0.05
16965,0.03
123,7.96
1247,1.7
820,2.32
7930,0.24
17330,0.02
15294,0.05
12623,0.1
4954,0.45
9681,0.17
2948,0.81
12300,0.1
6418,0.32
19809,0.01
8013,0.23
1959,1.19
14623,0.06
15661,0.04
11648,0.12
18059,0.02
18778,0.01
4528,0.5
2541,0.95
12574,0.1
14685,0.06
9919,0.16
16597,0.03
930,2.12
13656,0.07
16583,0.03
14164,0.07
12795,0.09
10796,0.14
8341,0.22
15372,0.05
16550,0.03
12643,0.09
18593,0.01
8058,0.23
16857,0.03
14518,0.06
9431,0.18
16359,0.03
7268,0.27
5354,0.41
15288,0.05
21076,0.0
7203,0.27
9198,0.19
15870,0.04
13188,0.08
6836,0.29
15317,0.05
12692,0.09
6067,0.35
1837,1.26
16811,0.03
13961,0.07
5525,0.4
19587,0.01
49,13.53
14983,0.05
18780,0.01
8059,0.23
10117,0.16
12636,0.1
15599,0.04
10076,0.16
4401,0.52
14838,0.05
9143,0.19
19275,0.01
4871,0.46
7547,0.26
3698,0.63
17405,0.02
3451,0.68
4205,0.55
19778,0.01
1557,1.45
13344,0.08
17096,0.03
14659,0.06
13908,0.07
5999,0.36
9282,0.18
4420,0.52
15330,0.05
16047,0.04
18467,0.02
13064,0.09
11405,0.12
16499,0.03
11165,0.13
7459,0.26
2157,1.1
11099,0.13
18848,0.01
4824,0.47
11631,0.12
12434,0.1
16163,0.04
2814,0.85
1697,1.35
10577,0.14
12408,0.1
6725,0.3
1066,1.92
14276,0.06
2439,1.0
9594,0.17
16973,0.03
11581,0.12
14731,0.06
2782,0.87
16647,0.03
3934,0.59
8332,0.22
2039,1.15
2360,1.01
5466,0.4
18065,0.02
5516,0.4
12650,0.09
10719,0.14
8197,0.23
11627,0.12
10919,0.13
9841,0.16
21065,0.0
13421,0.08
